year,accuracy,precision_4,recall_4,mean_return_class4,volatility_class4,tickers,confusion_matrix,cumulative_return
2004,0.266,0.38028169014084506,0.27,-0.006608594898753081,0.4934514079181352,"['DALRQ', 'EP1', 'WNDXQ', 'CCTYQ', 'SEBL', 'CPNLQ', 'TLAB', 'LSI1', 'SLR', 'GTW', 'GT', 'CMVT', 'UNM', 'WMB', 'Q1', 'LU1', 'NOVL', 'ATI', 'GLW', 'PWER1']","[[11, 39, 11, 15, 24], [3, 45, 10, 32, 10], [3, 37, 4, 52, 4], [2, 36, 10, 46, 6], [1, 32, 5, 35, 27]]",0.9933914051012469
2005,0.23,0.36,0.18,0.3493279442305401,0.7654274966187834,"['LSI1', 'CPNLQ', 'SLR', 'GTW', 'IPG', 'EP1', 'Q1', 'VSTNQ', 'TLAB', 'NOVL', 'CNP', 'DPHIQ', 'DALRQ', 'CPWR', 'KG', 'VIAV', 'GLW', 'NVDA', 'SEBL', 'AW']","[[9, 16, 28, 37, 10], [1, 27, 20, 46, 6], [4, 20, 23, 44, 9], [5, 21, 29, 38, 7], [7, 24, 23, 28, 18]]",1.3404107824615532
2006,0.258,0.34615384615384615,0.18,0.04312739029901131,0.39369999556586677,"['IPG', 'SBL', 'VIAV', 'PMCS', 'NOVL', 'CMS', 'GTW', 'CPWR', 'LSI1', 'AV1', 'AMCC', 'AW', 'SLR', 'CTB', 'TLAB', 'AMZN', 'NVDA', 'Q1', 'EP1', 'BIGGQ']","[[25, 31, 6, 22, 16], [10, 42, 17, 26, 5], [7, 45, 11, 29, 8], [7, 46, 9, 33, 5], [10, 31, 15, 26, 18]]",1.3982192014377757
2007,0.204,0.2619047619047619,0.11,-0.07024329006570336,0.3574892220233174,"['IPG', 'VIAV', 'PMCS', 'TSN', 'NOVL', 'JNPR', 'CMS', 'BALL', 'F', 'SLR', 'GT', 'LSI1', 'WEN', 'BIGGQ', 'CSX', 'CNP', 'AMZN', 'CPWR', 'AV1', 'TLAB']","[[21, 38, 11, 21, 9], [10, 30, 12, 38, 10], [13, 44, 13, 25, 5], [11, 47, 8, 27, 7], [20, 46, 10, 13, 11]]",1.3000036844957459
2008,0.254,0.2857142857142857,0.2,-0.4307936237884119,0.1972102829200513,"['VIAV', 'LSI1', 'AMD', 'MU', 'NOVL', 'SLM', 'CNP', 'HRB', 'SOV', 'PHM', 'JBL', 'DHI', 'TNL', 'GME', 'NVDA', 'IPG', 'MTCH', 'NI', 'CMS', 'BBWI']","[[56, 9, 4, 13, 18], [46, 13, 1, 30, 10], [40, 24, 5, 23, 8], [28, 19, 6, 33, 14], [27, 21, 4, 28, 20]]",0.7399703863135362
2009,0.254,0.3033175355450237,0.64,0.8056782710554854,0.5405691945439898,"['MU', 'BALL', 'TLAB', 'LSI1', 'CMS', 'VTRS', 'HRL', 'TER', 'KG', 'FI', 'IPG', 'JBL', 'EP1', 'CTSH', 'NOVL', 'CTAS', 'MAT', 'MAS', 'APH', 'PHM']","[[50, 4, 3, 10, 33], [39, 4, 2, 20, 35], [39, 0, 0, 21, 40], [52, 0, 0, 9, 39], [35, 0, 0, 1, 64]]",1.3361484477908856
2010,0.23046092184368738,0.22377622377622378,0.32,0.20608883186937957,0.3448214078973448,"['TMUS', 'GME', 'NOVL', 'CPWR', 'BSX', 'FHN', 'CTAS', 'VIAV', 'BALL', 'DHI', 'KIM', 'NDAQ', 'NVDA', 'HRB', 'Q1', 'PHM', 'APH', 'FAST', 'AMAT', 'S2']","[[21, 17, 4, 26, 32], [16, 33, 8, 17, 26], [7, 30, 4, 25, 33], [17, 33, 5, 25, 20], [29, 23, 0, 16, 32]]",1.611513720600194
2011,0.244,0.21052631578947367,0.16,-0.041782827446474644,0.2164368973490948,"['PHM', 'TLAB', 'GME', 'CPWR', 'JNS', 'DFODQ', 'NDAQ', 'LSI1', 'TGNA', 'VIAV', 'BSX', 'MAS', 'HST', 'NVDA', 'PBCT', 'APH', 'CTAS', 'NOVL', 'IRM', 'GT']","[[27, 28, 7, 19, 19], [17, 42, 7, 17, 17], [8, 43, 8, 28, 13], [5, 42, 13, 29, 11], [8, 40, 3, 33, 16]]",1.5441801208847297
2012,0.28,0.30434782608695654,0.21,0.2173016612645901,0.3884427272589418,"['AMD', 'IPG', 'NWL', 'PBCT', 'GME', 'PHM', 'APH', 'TGNA', 'CTAS', 'DFODQ', 'NDAQ', 'FHN', 'LSI1', 'VIAV', 'HCBK', 'HST', 'NI', 'NVDA', 'DHI', 'MU']","[[40, 32, 3, 11, 14], [32, 43, 5, 13, 7], [18, 36, 8, 26, 12], [20, 30, 7, 28, 15], [19, 26, 8, 26, 21]]",1.8797330264447372
2013,0.238,0.35,0.21,0.3306960681050968,0.36140191929807547,"['IPG', 'GME', 'TGNA', 'AMD', 'VIAV', 'HST', 'TMUS', 'CMG', 'MU', 'LUV', 'BBY', 'LSI1', 'FAST', 'NDAQ', 'APH', 'NVDA', 'SPLS', 'GEN', 'LRCX', 'AES']","[[21, 18, 3, 46, 12], [8, 22, 7, 54, 9], [10, 22, 6, 53, 9], [8, 24, 10, 49, 9], [17, 19, 10, 33, 21]]",2.5013533473773055
2014,0.218,0.2631578947368421,0.1,0.1691531301858788,0.31391798879166066,"['LSI1', 'GME', 'LRCX', 'NVDA', 'TSCO', 'IPG', 'CMG', 'TGNA', 'NDAQ', 'FAST', 'GEN', 'APH', 'AES', 'HBAN', 'BSX', 'KEY', 'RF', 'GNW', 'MNST', 'SPLS']","[[14, 41, 5, 33, 7], [7, 37, 2, 49, 5], [8, 30, 6, 48, 8], [5, 39, 6, 42, 8], [16, 23, 5, 46, 10]]",2.924465095787103
2015,0.24900398406374502,0.2,0.0594059405940594,0.0173585509562503,0.2827443198525845,"['GME', 'FAST', 'SPLS', 'GNW', 'NVDA', 'LRCX', 'AES', 'CMG', 'GEN', 'HBAN', 'KEY', 'RF', 'HCBK', 'TSCO', 'AVGO', 'WU', 'NI', 'NAVI', 'NDAQ', 'KDP']","[[42, 19, 3, 29, 8], [17, 32, 6, 40, 5], [12, 39, 1, 42, 6], [11, 35, 5, 44, 5], [12, 24, 3, 56, 6]]",2.9752295721720987
2016,0.251984126984127,0.5675675675675675,0.2079207920792079,0.4029345947691487,0.5000807113721472,"['GME', 'SPLS', 'SWN', 'NVDA', 'CMG', 'LRCX', 'FAST', 'HST', 'NRG', 'WMB', 'GEN', 'AES', 'NWSA', 'FCX', 'HBAN', 'AVGO', 'RIG', 'MRO', 'RF', 'HPE']","[[43, 9, 3, 42, 4], [26, 27, 4, 38, 6], [34, 28, 5, 30, 3], [34, 30, 3, 31, 3], [37, 33, 0, 10, 21]]",4.174052494180451
2017,0.22376237623762377,0.2727272727272727,0.0891089108910891,0.12559074400928605,0.2611376815995612,"['SPLS', 'FAST', 'CMG', 'LRCX', 'AES', 'NWSA', 'RIG', 'RF', 'NRG', 'HBAN', 'NAVI', 'KEY', 'TGNA', 'SWN', 'FCX', 'HPQ', 'AMD', 'HPE', 'MRO', 'CSX']","[[25, 24, 8, 37, 7], [21, 23, 6, 47, 4], [14, 20, 8, 52, 7], [16, 25, 6, 48, 6], [18, 14, 4, 56, 9]]",4.69827485245839
2018,0.2495049504950495,0.4117647058823529,0.06930693069306931,0.22632684588974983,0.466274484463676,"['FAST', 'CMG', 'AES', 'NAVI', 'TSCO', 'LUMN', 'HBAN', 'MRO', 'AMD', 'NVDA', 'HPE', 'HBI', 'AIV', 'M', 'KMI', 'NRG', 'WU', 'HPQ', 'MAT', 'HRB']","[[29, 20, 3, 46, 3], [16, 28, 6, 48, 3], [20, 23, 4, 52, 2], [12, 27, 2, 58, 2], [10, 19, 6, 59, 7]]",5.761620580938427
2019,0.2811881188118812,0.17857142857142858,0.04950495049504951,-0.1464988105601647,0.3601705885265161,"['COTY', 'LUMN', 'MAT', 'CMG', 'GEN', 'FCX', 'HBAN', 'NWSA', 'AES', 'AMD', 'HBI', 'FAST', 'NVDA', 'HPE', 'RF', 'KIM', 'KEY', 'XRX', 'KMI', 'CPB']","[[53, 26, 0, 13, 9], [27, 30, 5, 31, 8], [27, 31, 5, 36, 2], [25, 20, 3, 49, 4], [35, 16, 2, 43, 5]]",4.9175500189319825
2020,0.23366336633663368,0.5098039215686274,0.25742574257425743,1.6749462204207206,1.3184100773945193,"['GAP', 'UAA', 'NBL', 'MOS', 'COTY', 'FTI', 'NOV', 'MRO', 'NWSA', 'HAL', 'APA', 'DVN', 'BKR', 'M', 'TPR', 'BBWI', 'UA', 'HST', 'FCX', 'AMCR']","[[87, 5, 0, 3, 6], [91, 4, 0, 2, 4], [89, 5, 0, 0, 7], [87, 4, 1, 1, 8], [71, 2, 1, 1, 26]]",13.154181836871949
2021,0.21386138613861386,0.32432432432432434,0.1188118811881188,0.23753868751191315,0.5031450419328198,"['NOV', 'AMCR', 'MRO', 'LUMN', 'UAA', 'NWL', 'NWSA', 'HAL', 'HPE', 'PBCT', 'IVZ', 'HST', 'BKR', 'KMI', 'HBAN', 'UA', 'OXY', 'RF', 'CCL', 'MOS']","[[78, 13, 1, 2, 7], [71, 10, 3, 9, 8], [62, 19, 2, 12, 6], [69, 21, 1, 6, 4], [67, 14, 3, 5, 12]]",16.27880892569556
2022,0.2376237623762376,0.2857142857142857,0.039603960396039604,-0.09650949915639431,0.2096008476673236,"['VTRS', 'LUMN', 'AMCR', 'MRO', 'JNPR', 'ALL', 'MAS', 'CDW', 'DOC', 'AAL', 'CI', 'CL', 'KR', 'SYY', 'MCK', 'IRM', 'COR', 'GEN', 'CCI', 'AON']","[[51, 18, 3, 27, 2], [42, 27, 7, 24, 1], [27, 18, 10, 44, 2], [26, 32, 10, 28, 5], [45, 20, 5, 27, 4]]",14.707749229414041
2023,0.19284294234592445,0.23809523809523808,0.04950495049504951,0.19564506565833903,0.29922489712222106,"['AMCR', 'VTRS', 'CCL', 'HBAN', 'F', 'DISH', 'WBD', 'PCG', 'STZ', 'COR', 'SYY', 'NWL', 'TAP', 'LW', 'CAH', 'KEY', 'PGR', 'KIM', 'NCLH', 'CI']","[[69, 10, 3, 16, 3], [51, 10, 6, 30, 3], [63, 14, 4, 15, 5], [69, 9, 8, 9, 5], [82, 6, 3, 5, 5]]",17.585247793089138
2024,0.2345924453280318,0.17647058823529413,0.0594059405940594,0.045561103209865554,0.2501846140906358,"['AMCR', 'WBD', 'VTRS', 'KEY', 'HBAN', 'SMCI', 'CCL', 'PARA', 'IRM', 'STE', 'IP', 'PSX', 'BBY', 'CLX', 'CAH', 'NRG', 'CI', 'LYV', 'ROL', 'SWK']","[[49, 17, 7, 20, 8], [28, 14, 9, 44, 5], [22, 13, 14, 46, 6], [20, 18, 18, 35, 9], [13, 20, 21, 41, 6]]",18.38645108276113
