year,accuracy,precision_4,recall_4,mean_return_class4,volatility_class4,tickers,cumulative_return
2004,0.26,0.3617021276595745,0.17,0.25530783847738664,0.6021724794982839,"['EOP', 'NVDA', 'AIV', 'DALRQ', 'AES', 'EP1', 'TIN', 'AV1', 'PWER1', 'LU1', 'PLD', 'SANM', 'AAPL', 'AYE', 'X', 'CMS', 'MON2', 'DDS', 'EMN', 'BC']",1.2553078384773866
2005,0.258,0.3695652173913043,0.17,0.27658959966521757,0.5115069397703751,"['NVDA', 'UST1', 'ASN', 'GT', 'AIV', 'PLD', 'XTO', 'GTW', 'Q1', 'VSTNQ', 'EOG', 'LPX', 'DDS', 'CPNLQ', 'CCTYQ', 'CMS', 'TOY', 'TXU', 'MYG1', 'LSI1']",1.6025129309784565
2006,0.22,0.34210526315789475,0.13,0.16260312718594624,0.28661119610308017,"['ASN', 'KIM', 'UIS', 'RDC', 'CITGQ', 'GTW', 'NVDA', 'AIV', 'JPM', 'XTO', 'COR', 'MER', 'GT', 'ADM', 'EQR', 'MCK', 'C', 'EKDKQ', 'Q1', 'VNO']",1.86308654491147
2007,0.184,0.2127659574468085,0.1,-0.23630746888612636,0.21947634166123445,"['CIEN', 'ASN', 'JPM', 'MS', 'GT', 'IPG', 'GS', 'AVB', 'AMD', 'CITGQ', 'NVDA', 'UIS', 'CNP', 'SANM', 'MER', 'AIV', 'TSN', 'DYNIQ', 'WINMQ', 'MTLQQ']",1.4228252791676421
2008,0.194,0.21311475409836064,0.13,-0.4886845621361459,0.23062951977931442,"['C', 'CITGQ', 'KIM', 'BSC1', 'AVB', 'XTO', 'AMD', 'MU', 'JPM', 'NVDA', 'CHKAQ', 'AAPL', 'VNO', 'RRC', 'BIGGQ', 'F', 'PLD', 'CFC', 'THC', 'KBH']",0.7275125306213632
2009,0.214,0.288,0.36,2.048970729782165,2.3491484689702187,"['VRSN', 'AIV', 'NVDA', 'GNW', 'ETFC', 'FITB', 'HBAN', 'TGNA', 'XTO', 'ODP', 'PLD', 'CITGQ', 'MU', 'FHN', 'MTW', 'IP', 'LEN', 'RRD', 'WELL', 'EKDKQ']",2.2181644114142878
2010,0.22645290581162325,0.2222222222222222,0.08,0.3031656118608853,0.34204562483556433,"['NVDA', 'AIG', 'DNRCQ', 'EKDKQ', 'ANDV', 'SCHW', 'WINMQ', 'TMUS', 'SUN1', 'OKE', 'TSN', 'TEG', 'AIV', 'NI', 'GT', 'S2', 'SUNEQ', 'JBL', 'MDP', 'COR']",2.8906355824087413
2011,0.226,0.1111111111111111,0.04,-0.09393145569305458,0.29560841741525795,"['NVDA', 'WELL', 'VTR', 'CHKAQ', 'EP1', 'AKS', 'APA', 'DFODQ', 'MSI', 'SVU', 'WINMQ', 'RRC', 'NFX', 'VIAV', 'SWN', 'MWW', 'EQT', 'CTRA', 'MEE', 'ANDV']",2.6191139742749474
2012,0.236,0.2,0.04,0.1529798654969015,0.4611947787134311,"['WELL', 'NVDA', 'FSLR', 'RDC', 'S2', 'SVU', 'ANRZQ', 'DFODQ', 'NFX', 'SHLDQ', 'CVC', 'AAPL', 'WPX', 'MU', 'OI', 'NFLX', 'RRD', 'THC', 'RF', 'TMUS']",3.019785677780584
2013,0.188,0.3137254901960784,0.16,0.24990558261985293,0.4657310680583447,"['CHKAQ', 'CPPRQ', 'AMD', 'NVDA', 'FSLR', 'BBY', 'CLF', 'HRB', 'MU', 'WPX', 'S2', 'NFX', 'WELL', 'CSC', 'MPC', 'CLX', 'CPB', 'THC', 'QEP', 'CMS']",3.7744469769734277
2014,0.2,0.25806451612903225,0.08,0.08838395355864105,0.1510144887090443,"['NVDA', 'LMT', 'WINMQ', 'NFX', 'GME', 'GT', 'BTUUQ', 'TSN', 'CAH', 'SBUX', 'X', 'CVC', 'AIZ', 'ETFC', 'HAR', 'R', 'LHX', 'PBI', 'SWY', 'LLL1']",4.1080475232958005
2015,0.2290836653386454,0.125,0.0297029702970297,-0.07027859454751136,0.3426379831157927,"['WYNN', 'MNKKQ', 'BBWI', 'WINMQ', 'GNW', 'COR', 'RIG', 'NVDA', 'NEBLQ', 'CVC', 'KR', 'QEP', 'NFX', 'THC', 'DOFSQ', 'DRI', 'DNB3', 'FCX', 'ANDV', 'HCA']",3.8193397170241865
2016,0.2222222222222222,0.2857142857142857,0.13861386138613863,0.3303838808776646,0.5174309103642413,"['CHKAQ', 'FCX', 'MRO', 'RRC', 'SWN', 'THC', 'NRG', 'NVDA', 'DOFSQ', 'RIG', 'OKE', 'MUR', 'WMB', 'OI', 'CVC', 'TDC', 'CTRA', 'MNKKQ', 'NAVI', 'R']",5.081187995124839
2017,0.26534653465346536,0.2,0.06930693069306931,0.1840447598317027,0.3962495921399839,"['DHI', 'CHKAQ', 'NVDA', 'GEN', 'STX', 'AAPL', 'OKE', 'XRX', 'CF', 'WRK', 'AMD', 'SPLS', 'HPQ', 'CSRA', 'MUR', 'NRG', 'SIG', 'SWN', 'M', 'MU']",6.016354019347322
2018,0.20594059405940593,0.17857142857142858,0.04950495049504951,0.16340370086649145,0.34740655888177946,"['NVDA', 'AAPL', 'NRG', 'AMZN', 'EVHC', 'RL', 'FL', 'BA', 'MAT', 'M', 'IT', 'SRCL', 'BBWI', 'NAVI', 'AZO', 'FLS', 'TDG', 'CPRI', 'HP', 'CMG']",6.999448531831665
2019,0.2514851485148515,0.10810810810810811,0.039603960396039604,-0.22014170468201893,0.34825964375134166,"['IT', 'NVDA', 'AAPL', 'AMZN', 'COTY', 'BA', 'MAT', 'FLR', 'BBWI', 'MSFT', 'NRG', 'PRGO', 'SEE', 'BHF', 'HBI', 'AES', 'WDC', 'M', 'NLSN', 'MHK']",5.458578000200188
2020,0.2297029702970297,0.42857142857142855,0.2079207920792079,1.26050655859479,1.2063054986781165,"['AAPL', 'AMZN', 'MSFT', 'BFH', 'M', 'NBL', 'KSS', 'BBWI', 'DVN', 'APA', 'NVDA', 'HAL', 'GAP', 'BA', 'CPRI', 'JWN', 'DXC', 'NCLH', 'GOOGL', 'FTI']",12.33915137005376
2021,0.21782178217821782,0.13333333333333333,0.039603960396039604,0.06601755731214527,0.40201728342330545,"['AAPL', 'PENN', 'AMZN', 'TSLA', 'CZR', 'MSFT', 'NVDA', 'GAP', 'DRI', 'NWSA', 'NWS', 'WHR', 'WU', 'PWR', 'LVS', 'HBI', 'GOOGL', 'KMX', 'F', 'CARR']",13.15375200280952
2022,0.22376237623762377,0.07692307692307693,0.009900990099009901,-0.15307097463278457,0.27130799594054555,"['AAPL', 'MSFT', 'GOOGL', 'AMZN', 'PRU', 'NVDA', 'TSLA', 'COR', 'AAL', 'PENN', 'UAL', 'BBWI', 'WYNN', 'PVH', 'DAY', 'CAH', 'LUMN', 'OGN', 'WBD', 'META']",11.140294363661527
2023,0.24254473161033796,0.2777777777777778,0.09900990099009901,0.19822993361090308,0.6278431594711547,"['AAPL', 'NVR', 'NVDA', 'MSFT', 'LNC', 'AMZN', 'GNRC', 'CAH', 'MTCH', 'AAL', 'DISH', 'TSLA', 'PODD', 'BBWI', 'FRCB', 'CZR', 'ALGN', 'WHR', 'MCK', 'BKNG']",13.348634175776068
2024,0.2544731610337972,0.12,0.0297029702970297,0.0861547336389331,0.2350172027709357,"['NVDA', 'AAPL', 'MSFT', 'AMZN', 'AZO', 'NVR', 'GOOGL', 'PARA', 'NRG', 'AAL', 'CAH', 'WRK', 'MCK', 'META', 'COR', 'WBD', 'STX', 'MTD', 'TSLA', 'ENPH']",14.498682197633613
