ticker,ret_12m,proba_class_4,target_class,year
DALRQ,-0.4886363636363636,0.20421133935451508,0,2004
EP1,0.5147036181678213,0.20411381125450134,4,2004
WNDXQ,-0.4605263157894737,0.20396846532821655,0,2004
CCTYQ,0.4273970072048769,0.20393165946006775,4,2004
SEBL,-0.2081377151799687,0.20375823974609375,0,2004
CPNLQ,-0.4004282655246253,0.20370949804782867,0,2004
TLAB,-0.1571788413098236,0.20365135371685028,0,2004
LSI1,-0.4014989293361884,0.20361118018627167,0,2004
SLR,-0.3725135623869801,0.20355921983718872,0,2004
GTW,-0.2367424242424242,0.203474223613739,0,2004
GT,0.5633228014744602,0.20346590876579285,4,2004
CMVT,0.3902962206332994,0.20340202748775482,4,2004
UNM,0.1867248507119889,0.20334547758102417,3,2004
WMB,0.9808452417148068,0.20314542949199677,4,2004
Q1,-0.1416397296503085,0.20313331484794617,0,2004
LU1,-0.3309002433090025,0.20312510430812836,0,2004
NOVL,-0.4762741652021089,0.20303331315517426,0,2004
ATI,1.0177935943060494,0.20299246907234192,4,2004
GLW,-0.0044206296048224,0.20292025804519653,1,2004
PWER1,-0.5343580470162749,0.20280908048152924,0,2004
LSI1,1.0679785330948124,0.20497453212738037,4,2005
CPNLQ,-0.8999999999999999,0.20472075045108795,0,2005
SLR,0.1527377521613833,0.20442381501197815,2,2005
GTW,-0.4565756823821341,0.20442146062850952,0,2005
IPG,-0.221477375273946,0.2040945589542389,0,2005
EP1,0.1548078877820697,0.20403477549552917,2,2005
Q1,0.8380691543991785,0.2039593905210495,4,2005
VSTNQ,0.0963222416812609,0.20384261012077332,2,2005
TLAB,1.1783223749750946,0.20383812487125397,4,2005
NOVL,0.2885906040268455,0.20383620262145996,3,2005
CNP,0.0187170634199527,0.20375767350196838,1,2005
DPHIQ,-0.9260918253079508,0.2037477344274521,0,2005
DALRQ,-0.6296296296296297,0.20373231172561646,0,2005
CPWR,0.0874083129584353,0.2036701738834381,2,2005
KG,1.0758122743682308,0.20361819863319397,4,2005
VIAV,1.4970499541103974,0.2036174088716507,4,2005
GLW,1.418595263724435,0.20358537137508392,4,2005
NVDA,1.4065934065934065,0.2033715546131134,4,2005
SEBL,0.1649099692577952,0.20307081937789917,2,2005
AW,0.6744186046511629,0.20304611325263977,4,2005
IPG,0.2876304023845009,0.2052706927061081,4,2006
SBL,0.4158790170132325,0.20474745333194733,4,2006
VIAV,-0.5434497243370964,0.2047082632780075,0,2006
PMCS,-0.4296175752644426,0.20452387630939484,0,2006
NOVL,-0.0598958333333333,0.2044941931962967,0,2006
CMS,0.3785072951739618,0.20445363223552704,4,2006
GTW,-0.1324200913242009,0.204393208026886,0,2006
CPWR,0.2120573355817876,0.20438610017299652,3,2006
LSI1,-0.0968858131487889,0.2043427973985672,0,2006
AV1,0.0451327433628319,0.20411983132362366,1,2006
AMCC,-0.2211302211302212,0.20408613979816437,0,2006
AW,0.0285947712418299,0.20407940447330475,1,2006
SLR,-0.2125,0.20407062768936157,0,2006
CTB,-0.3025341130604289,0.20404615998268127,0,2006
TLAB,-0.3773895545595902,0.20385460555553436,0,2006
AMZN,0.0892172961138477,0.203840434551239,2,2006
NVDA,0.004566210045662,0.20380091667175293,1,2006
Q1,0.3220338983050848,0.2037348747253418,4,2006
EP1,0.2139776428131325,0.20368152856826782,3,2006
BIGGQ,1.240774120102457,0.2036704421043396,4,2006
IPG,-0.3168724279835391,0.20536091923713684,0,2007
VIAV,-0.1208740655549166,0.2053179293870926,2,2007
PMCS,0.1027104136947219,0.2050425410270691,3,2007
TSN,-0.1707607250332423,0.2046923190355301,1,2007
NOVL,-0.1288088642659279,0.2046508640050888,2,2007
JNPR,0.2702791894924425,0.20417678356170654,4,2007
CMS,-0.2281701607978832,0.20405378937721252,1,2007
BALL,0.0101218756455276,0.20399847626686096,3,2007
F,-0.2750295857988164,0.20397154986858368,1,2007
SLR,0.2285714285714286,0.20393973588943481,4,2007
GT,-0.1728003460332334,0.20392049849033356,1,2007
LSI1,-0.5258620689655171,0.20352759957313538,0,2007
WEN,-0.6319288389513109,0.2033807635307312,0,2007
BIGGQ,-0.287087214225233,0.20336885750293732,1,2007
CSX,0.4177722925023139,0.20327742397785187,4,2007
CNP,-0.1715976331360946,0.20324915647506714,1,2007
AMZN,0.7914572864321607,0.2032117396593094,4,2007
CPWR,-0.2265507246376811,0.20314596593379974,1,2007
AV1,0.4801016088060965,0.2031307965517044,4,2007
TLAB,-0.4495372410753636,0.20296087861061096,0,2007
VIAV,-0.7573260073260073,0.20540866255760193,0,2008
LSI1,-0.3858585858585859,0.2052665799856186,2,2008
AMD,-0.4821731748726655,0.20518647134304047,1,2008
MU,-0.319910897875257,0.20493899285793304,3,2008
NOVL,-0.3227344992050874,0.2049325853586197,3,2008
SLM,-0.6776385644510512,0.20480294525623322,0,2008
CNP,-0.2292582417582418,0.20459766685962677,3,2008
HRB,-0.0989662921348315,0.20447611808776855,4,2008
SOV,-0.7349785407725321,0.20443934202194214,0,2008
PHM,-0.2413765182186235,0.20443101227283478,3,2008
JBL,-0.3934970139349701,0.2044084519147873,2,2008
DHI,-0.3714507973551147,0.20439396798610687,2,2008
TNL,-0.7916594265855778,0.20437711477279663,0,2008
GME,-0.458146229130685,0.2043570727109909,1,2008
NVDA,-0.5022026431718062,0.20429351925849915,1,2008
IPG,-0.5101656626506025,0.20425595343112946,1,2008
MTCH,-0.3832084338879716,0.20422646403312683,2,2008
NI,-0.3931648477886272,0.20418642461299896,2,2008
CMS,-0.0969145569620252,0.204168438911438,4,2008
BBWI,-0.465241541827975,0.20414143800735474,1,2008
MU,1.5540438397581258,0.2050197422504425,4,2009
BALL,0.2405104010293801,0.20497269928455353,0,2009
TLAB,0.6573515401714831,0.20495620369911194,2,2009
LSI1,1.013157894736842,0.20494656264781952,3,2009
CMS,0.358300481822164,0.20493876934051514,1,2009
VTRS,0.6935384615384614,0.20493341982364655,2,2009
HRL,0.3542969447918527,0.20490606129169464,1,2009
TER,1.5503090234857853,0.2048967480659485,4,2009
KG,0.6633663366336633,0.2048621028661728,2,2009
FI,0.3922106417992319,0.20481538772583008,1,2009
IPG,1.019600307455803,0.20481008291244507,3,2009
JBL,1.9897155361050327,0.2047809362411499,4,2009
EP1,0.7567171470444554,0.20477209985256195,3,2009
CTSH,1.4521196470841402,0.20476338267326355,4,2009
NOVL,0.4084507042253522,0.2047552913427353,1,2009
CTAS,0.1589916633584756,0.20468205213546753,0,2009
MAT,1.0466282276259715,0.2046698033809662,3,2009
MAS,1.2919441460794845,0.20464593172073364,4,2009
APH,0.4830670926517573,0.20461416244506836,2,2009
PHM,0.0292453837122426,0.20461197197437286,0,2009
TMUS,1.2937378954163976,0.20569564402103424,4,2010
GME,0.0277173913043478,0.20567816495895386,1,2010
NOVL,-0.0116666666666667,0.2056601345539093,0,2010
CPWR,0.3750327482315954,0.20564475655555725,4,2010
BSX,-0.0041551246537395,0.205426886677742,0,2010
FHN,-0.2015102927485258,0.20530278980731964,0,2010
CTAS,0.0965918821716045,0.2051633894443512,1,2010
VIAV,0.6645215444879686,0.20512594282627106,4,2010
BALL,0.3530123606188953,0.20507454872131348,3,2010
DHI,-0.0633339597819958,0.2050555944442749,0,2010
KIM,0.2103330378624792,0.20505307614803314,2,2010
NDAQ,0.2234962074439936,0.2050023376941681,2,2010
NVDA,0.0601503759398496,0.20490236580371857,1,2010
HRB,-0.0187044693837369,0.20484304428100586,0,2010
Q1,0.3778495057494452,0.20479397475719452,4,2010
PHM,-0.3422171523384839,0.2047528773546219,0,2010
APH,0.290607496768634,0.2047431766986847,3,2010
FAST,0.3839176268693307,0.20470479130744934,4,2010
AMAT,0.1853435985172511,0.20465828478336334,2,2010
S2,0.2210526315789474,0.20465603470802307,2,2010
PHM,0.1959640548636292,0.2058592289686203,3,2011
TLAB,-0.2643521049753964,0.205784872174263,0,2011
GME,-0.0237969328397672,0.20546430349349976,1,2011
CPWR,-0.2865580642088216,0.2052726447582245,0,2011
JNS,-0.5228440890919475,0.20520249009132385,0,2011
DFODQ,0.2110436893203882,0.20517000555992126,4,2011
NDAQ,0.0023068050749712,0.20511029660701752,2,2011
LSI1,0.276470588235294,0.204864963889122,4,2011
TGNA,0.0317204301075269,0.2048061341047287,2,2011
VIAV,-0.3047571020339552,0.20479102432727814,0,2011
BSX,-0.1682892906815021,0.2047799825668335,0,2011
MAS,-0.0124540628828092,0.20474892854690552,1,2011
HST,-0.0558207858979066,0.20472419261932373,1,2011
NVDA,-0.1654846335697399,0.20472000539302826,0,2011
PBCT,0.1039454712282081,0.20465858280658722,3,2011
APH,0.1021532298447671,0.20462293922901154,3,2011
CTAS,0.3153209433078245,0.20456185936927795,4,2011
NOVL,0.0286677908937605,0.20455627143383026,2,2011
IRM,-0.0478605906896834,0.2045404464006424,1,2011
GT,-0.2510318949343338,0.20451857149600983,0,2011
AMD,-0.6820448877805486,0.20540140569210052,0,2012
IPG,0.1680140123955809,0.20537036657333374,2,2012
NWL,0.5017889868225849,0.20527414977550507,4,2012
PBCT,0.0693421990026121,0.2052730917930603,1,2012
GME,0.335590465872156,0.20518949627876282,4,2012
PHM,1.2869760084365938,0.20516136288642883,4,2012
APH,0.2573072845676207,0.2050693780183792,3,2012
TGNA,0.4848011116901165,0.2050592303276062,4,2012
CTAS,0.1455711232486343,0.2050280123949051,2,2012
DFODQ,0.4970437919631227,0.20496414601802826,4,2012
NDAQ,0.273446490218642,0.20487172901630402,3,2012
FHN,0.0368926632326327,0.20486095547676086,1,2012
LSI1,-0.2188940092165898,0.20479774475097656,0,2012
VIAV,-0.0776112185686653,0.2047501504421234,0,2012
HCBK,0.2332097850259451,0.20468339323997498,3,2012
HST,0.088000777907429,0.20467987656593323,1,2012
NI,0.2430387896346371,0.20463113486766815,3,2012
NVDA,-0.1558073654390934,0.2045689821243286,0,2012
DHI,0.6272175890826386,0.20451468229293823,4,2012
MU,0.2321496271957537,0.20448066294193268,3,2012
IPG,0.3417925943015341,0.2059195339679718,3,2013
GME,0.5116609207057392,0.20568214356899261,4,2013
TGNA,0.2978474496958352,0.20557251572608948,3,2013
AMD,0.4862745098039217,0.20535974204540253,4,2013
VIAV,-0.0601572739187417,0.20532074570655823,0,2013
HST,0.1889355617123962,0.2053031176328659,2,2013
TMUS,0.1293681856304165,0.2051633596420288,1,2013
CMG,0.7432867883995704,0.20513954758644104,4,2013
MU,1.372,0.20506253838539124,4,2013
LUV,0.7685006299874002,0.20503351092338562,4,2013
BBY,0.2181539282379618,0.20492829382419586,2,2013
LSI1,0.6327433628318584,0.20484429597854614,4,2013
FAST,-0.0198412698412698,0.2048395276069641,0,2013
NDAQ,0.1609623856319892,0.20483636856079102,1,2013
APH,0.2382558419657914,0.2048160433769226,2,2013
NVDA,0.4228187919463086,0.20477938652038574,4,2013
SPLS,-0.1258896797153025,0.2047029435634613,0,2013
GEN,-0.1695175438596491,0.2045942097902298,0,2013
LRCX,0.326386933258237,0.20458953082561493,3,2013
AES,0.150339245327937,0.20452000200748444,1,2013
LSI1,0.006323396567299,0.20550288259983063,1,2014
GME,-0.0442715320633216,0.2054978311061859,0,2014
LRCX,0.2893842887473461,0.20542308688163757,3,2014
NVDA,0.1886792452830188,0.20536623895168304,3,2014
TSCO,0.2153833443489756,0.20515844225883484,3,2014
IPG,0.3162826685006878,0.20503617823123932,4,2014
CMG,0.1452336942170582,0.2048412263393402,2,2014
TGNA,0.3766901027582476,0.2047339826822281,4,2014
NDAQ,0.3982292274761627,0.20463129878044128,4,2014
FAST,-0.1401685085895612,0.20462289452552795,0,2014
GEN,0.1996303142329021,0.20451712608337402,3,2014
APH,0.2974708171206226,0.20444142818450928,3,2014
AES,-0.0832988410596026,0.20439445972442627,0,2014
HBAN,0.1324766712559277,0.20437748730182648,2,2014
BSX,0.3128698224852071,0.20420272648334503,4,2014
KEY,0.0136609128454938,0.20411580801010132,1,2014
RF,-0.1325566343042071,0.20398366451263428,0,2014
GNW,-0.5877044557247604,0.2039301097393036,0,2014
MNST,0.9927429805615552,0.20386013388633728,4,2014
SPLS,0.4860050890585243,0.20376382768154144,4,2014
GME,-0.1306850084222347,0.2060544341802597,1,2015
FAST,0.2171035886994146,0.20482760667800903,4,2015
SPLS,-0.2940410958904109,0.20474959909915924,0,2015
GNW,-0.3543091655266758,0.20448428392410278,0,2015
NVDA,0.7321428571428572,0.20443083345890045,4,2015
LRCX,0.1947966408694219,0.2044183313846588,4,2015
AES,-0.0480866915001693,0.20424266159534454,2,2015
CMG,-0.2760740911536391,0.20381693542003632,0,2015
GEN,0.0046224961479197,0.20381148159503937,2,2015
HBAN,-0.1153586383898418,0.20371069014072418,1,2015
KEY,-0.2020476389469284,0.20338687300682068,0,2015
RF,-0.1474406804954483,0.20331434905529022,1,2015
HCBK,-0.0306513409961686,0.20328713953495026,2,2015
TSCO,0.0730745700496227,0.20316359400749207,3,2015
AVGO,0.2318589482266613,0.20314547419548035,4,2015
WU,-0.0421094057457693,0.20262941718101501,2,2015
NI,0.4221607999349646,0.20260152220726013,4,2015
NAVI,-0.381587153102588,0.20256036520004272,0,2015
NDAQ,0.3269083571080646,0.20251275599002838,4,2015
KDP,0.1668936711159538,0.20225681364536285,4,2015
GME,0.033586307120943,0.2056075483560562,1,2016
SPLS,-0.1607645289609003,0.20538398623466492,0,2016
SWN,0.0123915737298636,0.2052145153284073,1,2016
NVDA,2.077892325315005,0.20516972243785858,4,2016
CMG,-0.0540397069752628,0.20514126121997833,0,2016
LRCX,0.5774531422271223,0.20512549579143524,4,2016
FAST,0.0806148055207027,0.2050926238298416,1,2016
HST,0.1748551272360796,0.20492272078990936,2,2016
NRG,0.4501039501039501,0.2045789211988449,4,2016
WMB,0.9393970679330994,0.20419292151927948,4,2016
GEN,0.6916082383873796,0.20414672791957855,4,2016
AES,-0.0150598837898732,0.204118549823761,0,2016
NWSA,0.0336039102731953,0.2038407176733017,1,2016
FCX,0.2921597633136092,0.20379090309143066,3,2016
HBAN,0.4409833562375933,0.20361328125,4,2016
AVGO,0.4406387027384795,0.20342803001403809,4,2016
RIG,0.3621444201312909,0.20325618982315063,4,2016
MRO,0.4378290805994329,0.2029908448457718,4,2016
RF,0.8918256607736741,0.20294639468193054,4,2016
HPE,0.3514685834675917,0.20294547080993652,4,2016
SPLS,0.1849710982658959,0.2058333307504654,3,2017
FAST,0.0899854862119011,0.20542357861995697,2,2017
CMG,-0.2747474747474747,0.2054014652967453,0,2017
LRCX,0.5995981128778614,0.20522697269916534,4,2017
AES,0.0623645557428365,0.2049657553434372,2,2017
NWSA,0.2320553960479647,0.20496562123298645,3,2017
RIG,-0.3140562248995984,0.20491118729114532,0,2017
RF,0.3069022945965951,0.20481114089488983,4,2017
NRG,0.6589768654284782,0.20442216098308563,4,2017
HBAN,0.1581010914485536,0.20435333251953125,2,2017
NAVI,-0.0675093082500489,0.20433953404426575,1,2017
KEY,0.1233322744599745,0.2042219489812851,2,2017
TGNA,-0.101123595505618,0.2039482593536377,0,2017
SWN,0.05140758873929,0.2036122828722,2,2017
FCX,0.3150707335023306,0.20346380770206451,4,2017
HPQ,0.2591739818678946,0.2034481018781662,3,2017
AMD,-0.3092783505154639,0.2033471167087555,0,2017
HPE,0.2856487849610272,0.20332050323486328,3,2017
MRO,0.0354929577464788,0.20330356061458588,1,2017
CSX,0.2154486122068422,0.20288240909576416,3,2017
FAST,0.213404349755881,0.2055286169052124,3,2018
CMG,1.1983905911482515,0.20545794069766998,4,2018
AES,0.6504986400725294,0.2052599936723709,4,2018
NAVI,0.1403803719659557,0.20520296692848206,3,2018
TSCO,0.5737603670372331,0.2051822543144226,4,2018
LUMN,-0.1899781738814114,0.20354343950748444,0,2018
HBAN,-0.1278250526123159,0.20346421003341675,1,2018
MRO,0.0472660500544068,0.202982559800148,2,2018
AMD,1.5393034825870644,0.20254619419574738,4,2018
NVDA,-0.2221640488656195,0.20214693248271942,0,2018
HPE,-0.0945078459343794,0.2020961344242096,1,2018
HBI,0.0043871310821588,0.2014247626066208,2,2018
AIV,0.2774431707790945,0.20131053030490875,4,2018
M,-0.1518246187363834,0.2012885957956314,0,2018
KMI,0.391926158839639,0.2011987417936325,4,2018
NRG,0.3962367914522526,0.2011786252260208,4,2018
WU,0.0002307692307692,0.20102046430110931,2,2018
HPQ,-0.0893714285714285,0.20097649097442627,1,2018
MAT,-0.0114068441064638,0.20089317858219147,1,2018
HRB,-0.0196129435022371,0.20088638365268707,1,2018
COTY,-0.5314628166712068,0.2049381285905838,0,2019
LUMN,-0.1424722128662849,0.20486679673194885,2,2019
MAT,-0.1638461538461539,0.20466667413711548,2,2019
CMG,-0.0786991412079403,0.20453773438930511,3,2019
GEN,0.4088723960529643,0.20420262217521667,4,2019
FCX,-0.4673186225342695,0.2040276676416397,0,2019
HBAN,-0.3206042803189257,0.20396707952022552,1,2019
NWSA,-0.2668609135315795,0.20350317656993866,1,2019
AES,-0.2239769294149959,0.2034895420074463,1,2019
AMD,0.7821316614420062,0.2030731737613678,4,2019
HBI,-0.5421575115817339,0.203049898147583,0,2019
FAST,-0.0028531714097592,0.2029179334640503,3,2019
NVDA,0.4731882432129235,0.20255887508392334,4,2019
HPE,-0.3494289090192989,0.20227189362049103,1,2019
RF,-0.3397383852052323,0.20209389925003052,1,2019
KIM,-0.4462377160892332,0.2018594741821289,0,2019
KEY,-0.3131527553706376,0.2015662044286728,1,2019
XRX,-0.3859885181198421,0.20155996084213257,0,2019
KMI,-0.2694746046782773,0.20149286091327667,1,2019
CPB,0.2501041299541831,0.20141282677650452,4,2019
GAP,3.2305364049100387,0.20614030957221985,4,2020
UAA,1.4060803474484254,0.20611950755119324,4,2020
NBL,0.4062500000000001,0.20582810044288635,1,2020
MOS,1.9514592622618565,0.20582787692546844,4,2020
COTY,-0.4147286821705426,0.2058030515909195,0,2020
FTI,0.5295663600525624,0.2057151049375534,2,2020
NOV,0.3958200042653017,0.20570653676986694,1,2020
MRO,2.274172615184945,0.20560723543167114,4,2020
NWSA,1.862770309760374,0.2055511474609375,4,2020
HAL,2.1673501577287064,0.20550110936164856,4,2020
APA,3.3199999999999994,0.205483540892601,4,2020
DVN,2.3473744950952105,0.20545615255832672,4,2020
BKR,1.146716864134647,0.20534268021583557,4,2020
M,0.1467009826860083,0.20531101524829865,0,2020
TPR,2.1821872840359364,0.20526431500911713,4,2020
BBWI,4.3509949097639975,0.20514987409114838,4,2020
UA,1.2903225806451617,0.2051129937171936,4,2020
HST,0.5262551095273031,0.2050919085741043,2,2020
FCX,3.8788639573199433,0.20508401095867157,4,2020
AMCR,0.5002314457645427,0.2049574851989746,2,2020
NOV,-0.0598166539343009,0.20595230162143707,1,2021
AMCR,0.0094621001748429,0.20591916143894196,1,2021
MRO,1.385888415419681,0.205688938498497,4,2021
LUMN,-0.0850720949957589,0.20490281283855438,0,2021
UAA,-0.2319494584837546,0.20452263951301575,0,2021
NWL,-0.1705354787654971,0.2044409066438675,0,2021
NWSA,-0.1208607243477196,0.20435528457164764,0,2021
HAL,0.7820327672924654,0.20430752635002136,4,2021
HPE,0.0951766645165914,0.20420308411121368,2,2021
PBCT,0.1639687900314428,0.20406070351600647,3,2021
IVZ,-0.060979673442186,0.20404654741287231,1,2021
HST,0.1548551023211097,0.20394369959831238,2,2021
BKR,0.7349770464744418,0.20394252240657806,4,2021
KMI,0.208960988798764,0.20383886992931366,3,2021
HBAN,-0.031501494596459,0.20369020104408264,1,2021
UA,-0.1570964247020585,0.2036522626876831,0,2021
OXY,1.138635205581468,0.20355865359306335,4,2021
RF,0.110631040363843,0.20303522050380707,2,2021
CCL,-0.2381311228334589,0.20297272503376007,0,2021
MOS,1.1221287553648072,0.20289883017539978,4,2021
VTRS,-0.0759294265910524,0.20550791919231415,2,2022
LUMN,-0.7691665894131825,0.2047785222530365,0,2022
AMCR,0.0456444218033622,0.204360231757164,3,2022
MRO,-0.0336019272304369,0.20368480682373047,2,2022
JNPR,-0.0478120171423573,0.20183685421943665,2,2022
ALL,-0.1785244613217751,0.20127888023853302,1,2022
MAS,-0.0038605230386051,0.20121121406555176,3,2022
CDW,0.1024179109666429,0.20109833776950836,4,2022
DOC,-0.3308523160008307,0.20097781717777252,0,2022
AAL,-0.1917808219178082,0.2009594589471817,1,2022
CI,0.0835917255918134,0.20086267590522766,3,2022
CL,0.0159464654374599,0.20079933106899261,3,2022
KR,-0.121302882815425,0.20075809955596924,1,2022
SYY,-0.0361396194851233,0.20074230432510376,2,2022
MCK,0.1698985467325542,0.20073246955871582,4,2022
IRM,0.0011130674114101,0.2007310837507248,3,2022
COR,0.0477167469742636,0.20072364807128906,3,2022
GEN,-0.3387409984626588,0.20068509876728058,0,2022
CCI,-0.2444488173981489,0.20065142214298248,0,2022
AON,-0.0243584672279882,0.20064038038253784,2,2022
AMCR,-0.1181915619214654,0.2053459733724594,0,2023
VTRS,0.2999204455051711,0.20414334535598755,3,2023
CCL,0.6098522167487683,0.20309802889823914,4,2023
HBAN,0.3124754420432221,0.20268315076828003,3,2023
F,0.1243966851834987,0.2021152377128601,2,2023
DISH,-0.2893890675241157,0.20204955339431763,0,2023
WBD,-0.4218543046357615,0.20196300745010376,0,2023
PCG,0.0376608041762474,0.20180195569992065,1,2023
STZ,0.2207434940817649,0.2015775740146637,2,2023
COR,0.5332040593724685,0.20155195891857147,4,2023
SYY,0.080430320812155,0.2014418989419937,1,2023
NWL,-0.2259872391791688,0.20139192044734955,0,2023
TAP,0.3364296259842518,0.2012481689453125,3,2023
LW,0.0311637866640108,0.2012406587600708,1,2023
CAH,0.5127764093955114,0.2011338770389557,4,2023
KEY,0.3561705580095555,0.2011294662952423,3,2023
PGR,0.4560383069589537,0.2010669708251953,4,2023
KIM,0.053758004718571,0.20093320310115814,1,2023
NCLH,0.5561338289962825,0.20092013478279114,4,2023
CI,0.447169497776859,0.20088739693164825,4,2023
AMCR,0.0718232044198894,0.20533081889152527,2,2024
WBD,0.2290950744558992,0.20488359034061432,3,2024
VTRS,-0.2385032348312641,0.20465341210365295,0,2024
KEY,0.0628822121776122,0.20362381637096405,2,2024
HBAN,0.1234189057705261,0.2030421942472458,3,2024
SMCI,-0.6610001683118323,0.203032448887825,0,2024
CCL,0.1952264381884945,0.20291687548160553,3,2024
PARA,0.0353185595567868,0.2028072625398636,2,2024
IRM,0.1037419983836414,0.20153070986270905,3,2024
STE,0.0182169410813359,0.20130065083503723,2,2024
IP,0.4181663521093064,0.20119790732860565,4,2024
PSX,-0.2177581816108557,0.20119428634643555,0,2024
BBY,-0.0632476457113769,0.2011304348707199,1,2024
CLX,-0.0070608402263823,0.20111198723316193,2,2024
CAH,0.2485582783023159,0.20106293261051178,3,2024
NRG,0.4388627456914162,0.20106174051761627,4,2024
CI,-0.0785604257106847,0.20104296505451202,1,2024
LYV,0.2345655667958779,0.20104250311851501,3,2024
ROL,0.1828192385997942,0.20104221999645233,3,2024
SWK,-0.1853429549331892,0.2010204792022705,1,2024
